{
    "Qwen2.5-7B-Instruct": {
        "pass@1": 0.6,
        "brier_score": 0.39886,
        "ece": 0.399,
        "auroc": 0.5058666666666667,
        "accuracy": 0.6,
        "completion length": 1332.678,
        "confidence level": 0.999,
        "confidence format adherence": 1.0
    },
    "RLCR-hotpot-Qwen2_5-3B-Instruct-std": {
        "pass@1": 0.546,
        "brier_score": 0.38857222216453524,
        "ece": 0.3857481714285715,
        "auroc": 0.5894127898533185,
        "accuracy": 0.546,
        "completion length": 1954.414,
        "confidence level": 0.9283815174603176,
        "confidence format adherence": 1.0
    },
    "SMCR-hotpot-Qwen2_5-3B-Instruct-std": {
        "pass@1": 0.57,
        "brier_score": 0.2812932083499569,
        "ece": 0.24075501538461536,
        "auroc": 0.6819012647898817,
        "accuracy": 0.57,
        "completion length": 2053.412,
        "confidence level": 0.7698185401709402,
        "confidence format adherence": 1.0
    },
    "SMCR-hotpot-Qwen2_5-3B-Instruct-scale-weight": {
        "pass@1": 0.506,
        "brier_score": 0.20852358592,
        "ece": 0.07151279999999997,
        "auroc": 0.7405066329551455,
        "accuracy": 0.506,
        "completion length": 2138.596,
        "confidence level": 0.4690472,
        "confidence format adherence": 1.0
    }
}